<?xml version='1.0' encoding='UTF-8'?>
<mds:customization version="11.1.1.66.73" xmlns:mds="http://xmlns.oracle.com/mds" motype_local_name="root" motype_nsuri="http://java.sun.com/JSP/Page">
   <mds:modify element="it3">
      <mds:attribute name="readOnly" value="#{pageFlowScope.mode == 'view' or pageFlowScope.mode == 'edit' or (pageFlowScope.mode == 'create' ? !oimrole.create.allowed : bindings.ugp_data_level.inputValue == 1 or !oimrole.modify[pageFlowScope.roleKey].allowed)  }"/>
      <mds:attribute name="contentStyle" value="text-transform:uppercase;"/>
   </mds:modify>
   <mds:modify element="it1">
      <mds:attribute name="contentStyle" value="text-transform:uppercase;"/>
   </mds:modify>
   <mds:modify element="it4">
      <mds:attribute name="columns" value="#{bindings.roleDescription.hints.displayWidth}"/>
      <mds:attribute name="rows" value="1"/>
      <mds:attribute name="readOnly" value="true"/>
   </mds:modify>
</mds:customization>
