<?xml version='1.0' encoding='UTF-8'?>
<mds:customization version="11.1.1.66.73" xmlns:mds="http://xmlns.oracle.com/mds" motype_local_name="root" motype_nsuri="http://java.sun.com/JSP/Page">
   <mds:insert parent="pgl4" position="first">
      <af:outputText xmlns:af="http://xmlns.oracle.com/adf/faces/rich" value="#{adfBundle['micros.opera.resources.CustomResourceBundle']['Message.IAM10002']}" id="e5772033157" inlineStyle="font-style:italic;margin-left:1px;font-weight:bold;"/>
   </mds:insert>
   <mds:modify element="sbc1">
      <mds:attribute name="disabled" value="#{oimcontext.currentUser.roles['SYSTEM ADMINISTRATORS'] eq null}"/>
   </mds:modify>
   <mds:modify element="ctb11">
      <mds:attribute name="disabled" value="#{pageFlowScope.mode == 'view' or pageFlowScope.mode == 'edit' or ((pageFlowScope.mode eq 'edit' and !(oimrole.modify[pageFlowScope.roleKey].allowed)) or !pageFlowScope.roleCrudEvents.orgsSelected)}"/>
   </mds:modify>
   <mds:modify element="ctb10">
      <mds:attribute name="disabled" value="#{pageFlowScope.mode == 'view' or (pageFlowScope.mode eq 'edit' and !(oimrole.modify[pageFlowScope.roleKey].allowed)) or backingBeanScope.RoleManagementBackingBean.addOrgButtonDisabled}"/>
   </mds:modify>
   <mds:modify element="cmi10">
      <mds:attribute name="disabled" value="#{pageFlowScope.mode == 'view' or (pageFlowScope.mode eq 'edit' and !(oimrole.modify[pageFlowScope.roleKey].allowed)) or backingBeanScope.RoleManagementBackingBean.addOrgButtonDisabled}"/>
   </mds:modify>
</mds:customization>
