<?xml version='1.0' encoding='UTF-8'?>
<mds:customization version="11.1.1.66.73" xmlns:mds="http://xmlns.oracle.com/mds" motype_local_name="root" motype_nsuri="http://java.sun.com/JSP/Page">
   <mds:modify element="sdi7">
      <mds:attribute name="disclosed" value="false"/>
   </mds:modify>
   <mds:modify element="sdi5">
      <mds:attribute name="disclosed" value="false"/>
   </mds:modify>
   <mds:modify element="sdi3">
      <mds:attribute name="disclosed" value="false"/>
   </mds:modify>
   <mds:modify element="sdi4">
      <mds:attribute name="disclosed" value="false"/>
   </mds:modify>
   <mds:modify element="sdi6">
      <mds:attribute name="disclosed" value="false"/>
   </mds:modify>
   <mds:modify element="sdi2">
      <mds:attribute name="disclosed" value="false"/>
   </mds:modify>
   <mds:modify element="sdi1">
      <mds:attribute name="disclosed" value="true"/>
   </mds:modify>
</mds:customization>
