<?xml version='1.0' encoding='UTF-8'?>
<mds:customization version="11.1.1.66.73" xmlns:mds="http://xmlns.oracle.com/mds" motype_local_name="root" motype_nsuri="http://java.sun.com/JSP/Page">
   <mds:insert parent="pgl1" position="first">
      <af:gridRow xmlns:af="http://xmlns.oracle.com/adf/faces/rich" id="e73476065" height="512px" rendered="#{!backingBeanScope.SelfServiceManageBackingBean.managePageVisible}">
         <af:gridCell xmlns:af="http://xmlns.oracle.com/adf/faces/rich" id="e9687475099">
            <af:outputText xmlns:af="http://xmlns.oracle.com/adf/faces/rich" value="#{adfBundle['micros.opera.resources.CustomResourceBundle']['Message.IAM10000']}" id="e3916973967"/>
         </af:gridCell>
      </af:gridRow>
   </mds:insert>
   <mds:modify element="gr1">
      <mds:attribute name="rendered" value="#{backingBeanScope.SelfServiceManageBackingBean.managePageVisible}"/>
   </mds:modify>
   <mds:modify element="gr2">
      <mds:attribute name="rendered" value="#{backingBeanScope.SelfServiceManageBackingBean.managePageVisible}"/>
   </mds:modify>
   <mds:modify element="gc4">
      <mds:attribute name="rendered" value="#{oimcontext.currentUser.roles['SYSTEM ADMINISTRATORS'] ne null and backingBeanScope.dashboardNavigationBean.WPEnabled and oimadminroleAuth.viewSearch.allowed}"/>
   </mds:modify>
</mds:customization>
