<?xml version='1.0' encoding='UTF-8'?>
<mds:customization version="11.1.1.66.73" xmlns:mds="http://xmlns.oracle.com/mds" motype_local_name="root" motype_nsuri="http://java.sun.com/JSP/Page">
   <mds:insert parent="pfl1" position="first">
      <af:inputText xmlns:af="http://xmlns.oracle.com/adf/faces/rich" value="#{bindings.usr_tenant_code__c1.inputValue}" label="#{bindings.usr_tenant_code__c1.hints.label}" required="#{bindings.usr_tenant_code__c1.hints.mandatory}" columns="#{bindings.usr_tenant_code__c1.hints.displayWidth}" maximumLength="#{bindings.usr_tenant_code__c1.hints.precision}" shortDesc="#{bindings.usr_tenant_code__c1.hints.tooltip}" id="dtrt_dc_1526152570" visible="false" binding="#{backingBeanScope.CustomBackingBean.tenantCode}">
         <f:validator xmlns:f="http://java.sun.com/jsf/core" binding="#{bindings.usr_tenant_code__c1.validator}"/>
      </af:inputText>
   </mds:insert>
   <mds:insert parent="pfl1" position="first">
      <af:inputText xmlns:af="http://xmlns.oracle.com/adf/faces/rich" value="#{pageFlowScope.tenantCodeLov}" label="#{adfBundle['micros.opera.resources.CustomResourceBundle']['Label.TenantCode']}" valueChangeListener="#{backingBeanScope.CustomBackingBean.onSelectTenant}" autoSubmit="true" required="true" columns="#{bindings.usr_tenant_code__c1.hints.displayWidth}" maximumLength="#{bindings.usr_tenant_code__c1.hints.precision}" shortDesc="#{bindings.usr_tenant_code__c1.hints.tooltip}" id="dtrt_dc_1526152571" binding="#{backingBeanScope.CustomBackingBean.tenantCodeDisplay}">
         <f:validator xmlns:f="http://java.sun.com/jsf/core" binding="#{bindings.usr_tenant_code__c1.validator}"/>
      </af:inputText>
   </mds:insert>
   <mds:modify element="plam7">
      <mds:attribute name="rendered" value="false"/>
   </mds:modify>
   <mds:modify element="plam8">
      <mds:attribute name="rendered" value="false"/>
   </mds:modify>
   <mds:modify element="it1">
      <mds:attribute name="required" value="true"/>
   </mds:modify>
   <mds:modify element="plam3">
      <mds:attribute name="showRequired" value="true"/>
   </mds:modify>
</mds:customization>
