<?xml version='1.0' encoding='UTF-8'?>
<mds:customization version="11.1.1.66.73" xmlns:mds="http://xmlns.oracle.com/mds" motype_local_name="pageDefinition" motype_nsuri="http://xmlns.oracle.com/adfm/uimodel">
   <mds:insert parent="user_self_registrationPageDef(xmlns(mds_ns1=http://xmlns.oracle.com/adfm/uimodel))/mds_ns1:executables" position="last">
      <iterator Binds="userVO" RangeSize="25" DataControl="CatalogAMDataControl" id="userVOIterator" xmlns="http://xmlns.oracle.com/adfm/uimodel"/>
   </mds:insert>
   <mds:insert parent="user_self_registrationPageDef(xmlns(mds_ns1=http://xmlns.oracle.com/adfm/uimodel))/mds_ns1:bindings" position="last">
      <attributeValues IterBinding="UserVO1Iterator" id="usr_tenant_code__c1" xmlns="http://xmlns.oracle.com/adfm/uimodel">
         <AttrNames>
            <Item Value="usr_tenant_code__c"/>
         </AttrNames>
      </attributeValues>
   </mds:insert>
</mds:customization>
