<?xml version='1.0' encoding='UTF-8'?>
<mds:customization version="11.1.1.66.73" xmlns:mds="http://xmlns.oracle.com/mds" motype_local_name="PDefEntityObject" motype_nsuri="http://xmlns.oracle.com/bc4j">
   <mds:insert parent="UserEO" position="last">
      <Attribute Name="usr_tenant_code__c" IsPersistent="false" IsQueriable="false" Precision="8" Scale="0" ColumnName="USR_TENANT_CODE__C" Type="java.lang.String" ColumnType="VARCHAR2(255)" SQLType="VARCHAR" xmlns="http://xmlns.oracle.com/bc4j">
         <CompOper Name="=" ToDo="2" Oper="=" MinCardinality="1" MaxCardinality="1"/>
         <CompOper Name="STARTSWITH" ToDo="2" Oper="STARTSWITH" MinCardinality="1" MaxCardinality="1"/>
         <CompOper Name="ENDSWITH" ToDo="2" Oper="ENDSWITH" MinCardinality="1" MaxCardinality="1"/>
         <CompOper Name="&lt;>" ToDo="2" Oper="&lt;>" MinCardinality="1" MaxCardinality="1"/>
         <CompOper Name="CONTAINS" ToDo="2" Oper="CONTAINS" MinCardinality="1" MaxCardinality="1"/>
         <CompOper Name="DOESNOTCONTAIN" ToDo="2" Oper="DOESNOTCONTAIN" MinCardinality="1" MaxCardinality="1"/>
         <CompOper Name="Dummy" ToDo="-2" Oper="Dummy" MinCardinality="1" MaxCardinality="1"/>
         <Properties>
            <Property Name="AttributeType" Value="Text"/>
            <Property Name="DISPLAYWIDTH" Value="8"/>
            <Property Name="ExtnCustom" Value="Y"/>
            <Property Name="LABEL_ResId" Value="${adfBundle['oracle.adf.businesseditor.model.util.BaseRuntimeResourceBundle']['oracle.iam.ui.common.model.user.entity.UserEO.usr_tenant_code__c_LABEL']}"/>
            <Property Name="oimRefAttrName" Value="usr_tenant_code"/>
         </Properties>
      </Attribute>
   </mds:insert>
   <mds:modify element="UserEO">
      <mds:attribute name="StaticDef" value="oracle.iam.ui.common.model.user.entity.UserEO"/>
      <mds:attribute name="MajorVersion" value="2"/>
      <mds:attribute name="MinorVersion" value="0"/>
      <mds:attribute name="Version" value="11.1.1.66.73"/>
   </mds:modify>
</mds:customization>
