<?xml version='1.0' encoding='UTF-8'?>
<mds:customization version="11.1.1.66.73" xmlns:mds="http://xmlns.oracle.com/mds" motype_local_name="root" motype_nsuri="http://java.sun.com/JSP/Page">
   <mds:insert parent="pgl2" position="first">
      <af:gridRow xmlns:af="http://xmlns.oracle.com/adf/faces/rich" id="e6493673180" marginBottom="5px">
         <af:gridCell xmlns:af="http://xmlns.oracle.com/adf/faces/rich" id="e1863249941">
            <af:outputText xmlns:af="http://xmlns.oracle.com/adf/faces/rich" value="#{adfBundle['micros.opera.resources.CustomResourceBundle']['Message.IAM10002']}" id="e4430333974" inlineStyle="font-style:italic;margin-bottom:10px;font-weight:bold;" visible="#{backingBeanScope.RoleManagementBackingBean.roleManagementOrgFlow}"/>
         </af:gridCell>
      </af:gridRow>
   </mds:insert>
   <mds:modify element="cb1">
      <mds:attribute name="disabled" value="#{pageFlowScope.orgPickerStateBean.addButtonDisabled or backingBeanScope.RoleManagementBackingBean.selectOrgButtonDisabled}"/>
   </mds:modify>
   <mds:modify element="ctb2">
      <mds:attribute name="rendered" value="#{!backingBeanScope.RoleManagementBackingBean.roleManagementOrgFlow}"/>
   </mds:modify>
   <mds:modify element="removeAllButton">
      <mds:attribute name="rendered" value="#{!backingBeanScope.RoleManagementBackingBean.roleManagementOrgFlow}"/>
   </mds:modify>
   <mds:modify element="sbc3">
      <mds:attribute name="selected" value="false"/>
      <mds:attribute name="disabled" value="#{oimcontext.currentUser.roles['SYSTEM ADMINISTRATORS'] eq null}"/>
   </mds:modify>
</mds:customization>
