<?xml version='1.0' encoding='UTF-8'?>
<mds:customization version="11.1.1.66.73" xmlns:mds="http://xmlns.oracle.com/mds" motype_local_name="root" motype_nsuri="http://java.sun.com/JSP/Page">
   <mds:modify element="t2">
      <mds:attribute name="first" value="32"/>
   </mds:modify>
   <mds:modify element="t1">
      <mds:attribute name="first" value="12"/>
   </mds:modify>
   <mds:modify element="ps1">
      <mds:attribute name="splitterPosition" value="635"/>
   </mds:modify>
</mds:customization>
